eacb2d830306864d55f9fd098ddf4b3d6a7b3482	Not recognized code or console output.
eacbe994def13034415e85aa483b09b7220aaf94	Code in Rust.
eac8e92053e28d3146bab101baac72e3d1baef68	Human readable file, language: en.Topics found: [('server logs', 0.23524854), ('torrent info', 0.25199586), ('meaningful content', 0.4056944)].
eace65712f6ea330109be6ffd15552292d1c22b5	Not recognized code or console output.
eac58634b59f2662a8ecb6fea149f7ca10c58949	Code in HTML.
eacee4692e029584feb830f83d938501b1439657	Human readable file, language: en.Topics found: [('server logs', 0.30632746), ('torrent info', 0.42498884)].
eac8d03eb45e0d558fe2ad81041ab2f85c7f8961	Code in C++.
eacc31177d2f0e9f47d9983e32be6444b18c1f46	Code in C#.
eacecb272d2717bd5b25a79e37b2bc8d7cc524e5	Code in HTML.
eace1ad33bb9d6169257b56c34f30dc5bdd7ed9c	Code in CSS.
eac8fd00d718d030616edd3c5aca5080c859ba42	Code in SQL.
eacf380f6c45b9d29914aa350b9de49f000f06a3	Code in SQL.
eac06d3b2337f8ebe60b60d4df163c8eb6103aca	Code in SQL.
eacb26debf6076afbb7ec9bab3fc37ab2922af13	Code in HTML.
eac17a27885370dfdf46a8c8bda85c376eb63bf3	Human readable file, language: en.Topics found: [('server logs', 0.34558558), ('meaningful content', 0.336683)].
eacee49f46b46b5126e05d66f0b77a169e9d66b3	Code in Shell.
eac21ab49e7f21d8bc6ded8daad0b14e13449acc	Human readable file, language: en.Topics found: [('server logs', 0.29446918), ('torrent info', 0.1787876), ('server logs', 0.27649164)].
eac1a82f6c4ab21ce7780b06e1164c2367076758	Human readable file, language: en.Topics found: [('server logs', 0.5472207), ('meaningful content', 0.14615078), ('meaningful content', 0.14019293)].
eac1d1ef5a150c97c895ba8e8e36ca025df967f6	Not recognized code or console output.
eac4ecf734c0f2c6d9e6d8c47e66f146cece4201	Code in PHP.
eaca48ca1294c5a3ebabff22dcdca3b0414b0ef4	Not recognized code or console output.
eace7b59a865770d1315af0484b5a99a602a042f	Not recognized code or console output.
eacd1619995ffffd207255489832f17c38cb3691	Not recognized code or console output.
eac6de2db6395cbfd80a584da88cf9834c05c505	Human readable file, language: sk.
eac996c4ae39d5ccb7648030fbca645b3870537a	Code in Swift.
eac5b8e0b60e2fbb8558185ae0756ee63c89329a	Not recognized code or console output.
eacad739ffd6b0a663f57c430e506172856ad19a	Code in Ruby.
eaccb134496cf3b0ecfd9cc26ab459279e8c967e	Code in Shell.
eace41c7b16891d37e8737829987dafb5ab99e67	Code in C#.
eaccabe7d04f8217812bee45137fc5fdd8d328ea	Not recognized code or console output.
eac1e643b5a0c536cfd37fec3e1c71650e6affb2	Code in HTML.
eac00ea369183b90b4842c8b91647d5dd939f105	Human readable file, language: en.Topics found: [('online gaming', 0.15344693), ('server logs', 0.808637)].
eacdfa6375a44a696e2abf3eaa2c398352ed8e58	Code in Ruby.
eac1b93924cc6085d8489d11312a4c0839223738	Code in Python.
eac61b60931d6303cf7db9387a4095a1bfdffe51	Human readable file, language: en.Topics found: [('server logs', 0.11612771), ('meaningful content', 0.6962421)].
eacda8e48193d1e079c9277ff1c2f41f73e68c68	Human readable file, language: so.
eac27d5652a0d34381a579fe16ae949e7d0b7a4d	Code in HTML.
eace896c446fbf4936f10c8f7e858bca72168742	Code in SQL.
eac67e7547698a4c194de31db79897e38dda715d	Not recognized code or console output.
eacb98d26aa6f2bb402fd53faa4604958fc6e826	Code in Rust.
eaca9b87352fce1185402e15a326b5b9bb440bd0	Code in Javascript.
eacd2de04d2187c6672dd5e8e4d6504ca3945dfa	Human readable file, language: en.Topics found: [('online gaming', 0.29328027), ('server logs', 0.1771674), ('torrent info', 0.4307898)].
eac564d6a6e889de0459aed067aa4898bc597d08	Code in Shell.
eacdafc972b700fec66caad3aa416de279ce983f	Code in SQL.
eace5d805f1bc93ba7cbed76ca2e715ae7627fd4	Not recognized code or console output.
eac661610adffb225e40cc2ac3fdf792598f0a1b	Human readable file, language: en.Topics found: [('torrent info', 0.9882576)].
eac72d796233e48ce83958a3aca3ab1037fa285d	Not recognized code or console output.
eace581b14425c34edeaa7dbfb459692311f8aa9	Code in SQL.
eac0adb97ed6e26dc0eb2d2bf27186a10ddd1ce2	Code in Java.
eac2a4d38a20f350356d54ce8b8e558eabb7d161	Code in Javascript.
eacb73429731bc6087246edf89ab77dae85b762c	Human readable file, language: it.
eac0df716d5914fee618a4b15f5554938404ee78	Code in Javascript.
eac65942276ccf98fda7ce3de6d2f850cc2a58f5	Human readable file, language: en.Topics found: [('torrent info', 0.15634264), ('torrent info', 0.8396622)].
eacdf2a2c688d1b73de8c54685e33699a2fb1a76	Code in SQL.
eac7d36f0ff69d4da50dec06c500213bba06906b	Code in Python.
eaca3af143628dea77de6068b707d08b6705e1b9	Not recognized code or console output.
eac12bec11e519e117952816870595b7a51f969f	Not recognized code or console output.
eac5714a7a95881bdb87ed6e7f0c5ad4fece31a3	Human readable file, language: en.Topics found: [('server logs', 0.21897285), ('torrent info', 0.22288388), ('torrent info', 0.25435612), ('meaningful content', 0.2339715)].
eac4dd038d9c5a0c0c4666097f422081214f3380	Code in C#.
eac1a42dab1e0dab48c7724bfb8057135d962c47	Human readable file, language: en.Topics found: [('torrent info', 0.8004557), ('torrent info', 0.15563968)].
eaca5899c95df337baa6c62e094d0863a8c0aff5	Human readable file, language: en.Topics found: [('server logs', 0.4063123), ('torrent info', 0.10694589), ('server logs', 0.10532288), ('meaningful content', 0.30093455)].
eace27baa7f34810b8b8f13cda46ed1fef92bcbd	Human readable file, language: en.Topics found: [('server logs', 0.1362492), ('meaningful content', 0.7274632)].
eac1e54f860f8cdcb2bf78e1fd1305e23c6e5fe1	Code in PHP.
eac1b2fded6d17027db346404713a873afd6955d	Code in Python.
eac0433a536de88af26fb67bb852a59a13b66c1b	Human readable file, language: ca.
eacde5bf818c6a9040f55d65348a9651e3435ae2	Code in C++.
eacfcb24443f2d4859c64ca3e43386f187c82e0b	Not recognized code or console output.
eac9f0af418f6181987056983b819d3726ae0b91	Code in Go.
eacfb556d09fa9134f8e93ba97e3e4bc414aa44d	Code in HTML.
eac66932625871f1f198724472e498a39c088245	Not recognized code or console output.
eace5f9b27b02c69d57728106ca4bc26bfdd8480	Human readable file, language: de.
eac94797d3346acb2ba8f3942cb9577921fbd674	Code in CSS.
eacb967391846933bfe5b24a16276028021dcdd9	Code in SQL.
eacb061558b4be9b0c46e716e52eedb2aa5059a5	Not recognized code or console output.
eace2aacdbac17615ec573e5cd6d3b45b87668dd	Not recognized code or console output.
eac616c80eb04ef1b4b6e220c40f53c9474f7c18	Not recognized code or console output.
eac13b6d5a108ecbb1c3a18c47c88e66ccec6a37	Code in C++.
eacb52d38c7a4758416bc52e34e658e64c6e31ca	Code in Go.
eac45a040f1a266b6dabd93871cfbf568f09cc9a	Human readable file, language: en.Topics found: [('server logs', 0.4264572), ('torrent info', 0.14418454), ('server logs', 0.2989015)].
eaceb3450e3720fa7dbae0c137feff8e0ee3836d	Code in Shell.
eac87704c15abd3cec1ff8118e6471087b060878	Not recognized code or console output.
eac8eb6c19c27fb3097f9731bddc163cb0caf8b9	Not recognized code or console output.
eacbc6ae8c49c288a3619f7d8efeb58f945732c4	Not recognized code or console output.
eac8a330655525b93c85338be67cda0694a5119f	Code in C#.
eace92143ac495bcc764d4659aec3a5631f5d302	Code in Go.
eac39ca3f5f119777d0dda0a598003160eda5036	Not recognized code or console output.
eacf6b45926e445007339a66905ba43aab3cbc0a	Code in Ruby.
eacf648dc8168da9dbcac0fbe3b9e45806488ca9	Not recognized code or console output.
eac853e6bc4c7f5fc889c925042c1b6109719484	Code in Python.
eacabec884dae1636d03feba3ca7797e1055baec	Code in SQL.
eac2e7ac11bc01465a71c9f85fa1573090262491	Code in Rust.
eacc5a2d3754aebdc4f793cc7b99f7737b8f6cf5	Human readable file, language: en.Topics found: [('server logs', 0.47369316), ('server logs', 0.37556702)].
eac56f5f0835534f427c9c4abf980d4e855873a4	Human readable file, language: en.Topics found: [('torrent info', 0.9809972)].
eac0308384bd772b12643145c8b6a3bba486686b	Human readable file, language: en.Topics found: [('server logs', 0.2601271), ('meaningful content', 0.6611046)].
eac7854fca21382266b4caf713b5d5215f97f0e5	Human readable file, language: en.Topics found: [('torrent info', 0.6104404), ('server logs', 0.14630048), ('meaningful content', 0.14751695)].
eaccfcba23e8c4c15ae3edac3a69906cca16007f	Code in Python.
eacaa369e7a682ceff43c52368670c29be6f0d07	Code in Javascript.
eacce98cc338e512cff30ffb30617b7e750d7162	Code in SQL.
eacd4e9683e0156c90ebc134f964021bf6c7fd34	Not recognized code or console output.
eac8c292d99a4030bc0a7f45c3dbb4d9b438e2c5	Not recognized code or console output.
eac5fa873232b1988df558a2fd619a219009636f	Code in C.
eac7b45729561921b7b94954fd7cb59c15b239c7	Code in SQL.
eac04945a2ec589c7b2b3c4fc2da4952d8965119	Not recognized code or console output.
eacce52de8e034a4976ce523def8d3e58e2eb754	Code in Shell.
eac4d7cb31bd652e66a5aac9547995b2ea375a10	Human readable file, language: en.Topics found: [('server logs', 0.17363615), ('online gaming', 0.12734073), ('torrent info', 0.26769963), ('torrent info', 0.20954481), ('trading', 0.12779772)].
eac562ec8d1b38610e525acebee069d458b6ecc5	Not recognized code or console output.
eac830961e8523e739e6ad0774a57242e7a366f7	Code in SQL.
eaca241fcdd9d24c02a4e70ea5f8b0a1437398be	Code in Python.
eac397ec81e1d3de39d6346b10918ff7fc181edc	Code in Java.
eacf28164566839957adb38d66728b0ad6d1d97c	Not recognized code or console output.
eac5e7c71ec682c9e54b7c38df83e035a960a648	Code in Perl.
eac44eebc4caf7e7a28f458c2ce9a036302aa46a	Code in PHP.
eacc9256c4242628bc289425b6d4c7f6f09c83e0	Not recognized code or console output.
eac61bd1b26657232a48b9fb7a2a71106da3407c	Code in Shell.
eac931545973c39a3f2487c4960907a71de52cbc	Human readable file, language: it.
eac74c830f6cc2a9e61fa9b0d41d267eb5cd716a	Code in Shell.
eac5c614aa7ba5ee2dc4edab6672b7c35a3b3545	Code in HTML.
eac52c5c84f29741c23e61e0f79c3b6fae8348b0	Code in Python.
eac963d55a177b5ff5f0d11cc8a6de24f4d6b11c	Code in SQL.
eacf610ddfc69ac2bd4c5859e964fd11f2605d43	Code in Scala.
eaccd9181453df46345525f9c3e82089fc83d23d	Code in SQL.
eac72355dbfcf6ef66c8d27e3130250e8f5af2f0	Code in C#.
eacc04bc8b23cf59461965208826a7c45b6d6b6a	Code in CSS.
eac32aa1b6df94dcf2cc422b459288800609b81e	Code in Shell.
eac47162f17594b06601e00a949438fb5a34b0c2	Human readable file, language: es.
eacc37304a503d4bfae12b09b3439e9641ae2036	Code in SQL.
eac4d1556437243abe5f4af0eb33147078e76f70	Code in Python.
eac61c6a73a5d1aeea76f4dd85d1806cfb4d8350	Code in Shell.
eacbeefdb7075f3b4345e7f43188b11d6ad9b39c	Not recognized code or console output.
eace56a835fff80706c878b2fd707fcc94eb1699	Human readable file, language: en.Topics found: [('torrent info', 0.981945)].
eacaf31ba8d808ce054bc03980b20936a475a3a5	Code in Javascript.
eac9fb34bcb941b4fb054113767318a1eb2a9484	Not recognized code or console output.
eacc41695ed5e05a07f8a685fa91c34e75571890	Code in SQL.
eac86fdf1789efe1bed1a8cc36c732274fd09ca1	Human readable file, language: it.
eacf209a4acdb1c789ff81acf1b130d3a60df621	Code in Ruby.
eac2c3f4904bca994a9804f1dec6ca46ce2cee89	Not recognized code or console output.
eac90e005b0a0b74e4f0db31b18f39180ecc0414	Not recognized code or console output.
eaccfc4356ae62400f188a78f1a151a088fa747a	Code in Python.
eacfdf099bef1898344d473d8fe5f30b9f09bc7c	Code in Objective-C.
eac75b8f268448468126fbf311c250e3b739c5c3	Code in SQL.
eac37b90d9b8e29e90756073a670d4ddce2277d8	Human readable file, language: en.Topics found: [('torrent info', 0.9603106)].
eac9013ea01197bf5067c1621a49f896e5a8779b	Not recognized code or console output.
eac64f3eac67e2f04e886939769be144718ebfd2	Code in Java.
eac1ddd5010cafad0fdc1136d0536058c15a95ff	Code in PHP.
eaca43c54bba7c966597ae87d9770d5de20cf1a3	Code in Rust.
eac218e1064b202d2b855e064e8f8545718df50f	Not recognized code or console output.
eacf2974fdf6ec86bd0320601ad35130143da0e6	Human readable file, language: it.
eac9accf255a01ad046f21665305bd1ed9f51e54	Human readable file, language: en.Topics found: [('server logs', 0.45360795), ('meaningful content', 0.477128)].
eac5aee2772a91ac9b74dfc717211ad453f2c2fa	Not recognized code or console output.
eac690be59b01f3a73b4380731ff5c4bea38f21a	Human readable file, language: en.Topics found: [('server logs', 0.42731285), ('meaningful content', 0.5101437)].
eac17aedc7ae03a7971b28a60cba6d10f0a70734	Human readable file, language: pt.
eacb66d3b9da3cae3f1efb250a23b2bd75058c37	Code in C++.
eac44b662c9073aa292621dcc88eb6f75584158a	Code in PHP.
eac631b1d383332089ea6df4240b097e298ded00	Code in Java.
eac317632701bd47e1c207ef85889272de59c41c	Not recognized code or console output.
eacad95948ecdf3b5fe6cad7d6455cc65dd48332	Not recognized code or console output.
eacd44cf551f0714a718142178d6a8917d5591b9	Code in C.
eac4968706dd95866ad65017bcf545e78b3f323f	Code in Javascript.
eac7d718c26f8073e9b754325c863d238cab1cb2	Human readable file, language: en.Topics found: [('server logs', 0.28521582), ('online gaming', 0.113727756), ('server logs', 0.31489807), ('meaningful content', 0.18268123)].
eac57a1edf6291057fcb4965d1d673a11702093b	Not recognized code or console output.
eaca6d50e9600669b9dc25ba469e9a33bcd6f7e9	Code in PHP.
eac247fdb4c9117b52759ef43bba082f4844bb4d	Code in Python.
eac9f5c25c3b4c69fe08f41cd786f9ae8a885e9b	Code in Java.
eac01ca08547dfbb37d1b91749c30e411b9ef3a3	Not recognized code or console output.
eac50b70ea1cedf6a566cad2c9348090a3467306	Not recognized code or console output.
eac0fbdd5094cf807658c0d2139b580958b76f7f	Human readable file, language: en.Topics found: [('meaningful content', 0.8582267)].
eacfe66f657fc68c6711e352462e1f732f1bb345	Code in SQL.
eac53fce3ca10cc8453941bf45b6b5d52989caaa	Code in Swift.
eac403c7e9df9271b040bd98b350d731c7ccae1b	Code in Python.
eac0b6fb175553b8a0d215bbf9beb61f2fe5e3b5	Code in Python.
eac4813acea8b47f371326e980afe89fb7dcd87b	Not recognized code or console output.
eacad4e58af4a7e24ad660438415926f45dc1cab	Not recognized code or console output.
eac03b6bcf19ab5a6c27a4913fdddccc5a7299e9	Code in Javascript.
eacdb702d64167e29f75fc405e7bab92f87a9584	Code in SQL.
eacffdf7c6985ec7444ee51b2f7b796f135c2525	Not recognized code or console output.
eacc3e98283c7dfe19194284de5841e806b870b3	Code in HTML.
eac56e3a59043cf6f49a4085b695554134185880	Code in C++.
eacd9ca9264e3bc0f3b695c0053dd091e7e1ac55	Not recognized code or console output.
eacd62e4d98c9abc7f35ba22fe610cd2e78dc55d	Code in Python.
eac409998cd38a66ed0d009d6657c83a10e8da6f	Code in SQL.
eac64683d0f28304de25cf4c3b72234ad2fc5f84	Code in PHP.
eacac4d983e01d3a42a47164077414d3466654f4	Code in SQL.
eacedb615ae02f6d8bd0901c4b5a7e231393f1d4	Code in PHP.
eac753ae508d38c13bd82c90cf53205ce5cbbc48	Code in Python.
eac24d25bf6f379544b73ba48b0da471c78789e6	Code in C++.
eaca0892f3ddb78ca88bf43b9a71405fc536fa4f	Human readable file, language: en.Topics found: [('meaningful content', 0.9791762)].
eac0522a4bd9f8119b6cfc1992cd5f31b1ab8923	Code in C.
eac5443e087d1702d5afa75ea018d3f596ece814	Code in PHP.
eacf18b0dc1b4b7728fc0049dc65c71fe1e626d3	Code in Shell.
eac111730f75a73146b966fd8decb5bdd4ebfe05	Human readable file, language: en.Topics found: [('server logs', 0.24306871), ('server logs', 0.14158227), ('online gaming', 0.24318644), ('meaningful content', 0.17313598)].
eacf77f1c8e86f498ec13acee458c2241cf4c55b	Not recognized code or console output.
eac305de241deb11c04f496693db27622ad59868	Human readable file, language: en.Topics found: [('server logs', 0.10348404), ('meaningful content', 0.75430214)].
eacf7a00a1e1c87f971631fc1e563d61192fd6ab	Code in SQL.
eacb3b919a6e9c6885347736b8b69a4b6983c769	Human readable file, language: en.Topics found: [('online gaming', 0.11575062), ('server logs', 0.27773625), ('server logs', 0.36640438), ('meaningful content', 0.16028365)].
eac8bd24a45b3a4cc4b139a0f7623f30c5cbea4c	Code in Rust.
eac5c4c66960f3fdb693d8affeb228d18d12b551	Code in SQL.
eac336efb95ba641b927dd605c560d156ab2795f	Code in Python.
eace51768c086f1c31c8ff6fb604872c20c5416c	Human readable file, language: en.Topics found: [('torrent info', 0.7708165)].
eacc3bff01bc5ef12f8d1f9d0956d44fafb8235e	Human readable file, language: en.Topics found: [('server logs', 0.5456431), ('torrent info', 0.16680072), ('server logs', 0.11859877)].
eac951ac3915206839737a4fc741453ee9f6e1be	Not recognized code or console output.
eac414cc98b6dc3c796e6a19cf56cb4d35c5c5c6	Code in C++.
eac52b69bd48f8c5d7a737b492e20179189ea872	Not recognized code or console output.
eace6366e5dae8b1c12b8a531f7cfe491d2cfc24	Code in C.
eac15e327329f98659a8cb0016c7cfc9d2ae4fdc	Code in Java.
eac42072e3aaf2102320c3cf49499d6abb86ca50	Not recognized code or console output.
eacaac68da80fa3bf2c6e7643d79488fdf4bd21a	Code in Shell.
eac0cf046cc2de9f1dfbb4aeb643ca7e6c30cf20	Not recognized code or console output.
eac6497f2c821aee93e3558412ff537b91262360	Human readable file, language: de.
eac2e0771742c81cf63bb6cc7a5a33237c42853e	Code in PHP.
eac66c63d43f8c2c21443d67822662f50d248082	Not recognized code or console output.
eac982cc6e7d8c20e75d47985be9fbb0522a08f0	Human readable file, language: en.Topics found: [('server logs', 0.15789872), ('torrent info', 0.364018), ('torrent info', 0.12497395), ('meaningful content', 0.20357844)].
eacb2315d08549eba12cd5bb83ff3198bb3892a1	Code in Javascript.
eac7d3c5ce222213d2f86ac75b0fd6625beaeb7c	Code in C#.
eacec3d59032f785ccda58fa7355f2b0942d1f36	Code in Objective-C.
eac3c0edddcac31ed5e93abbe719a00ec1523a6a	Code in Ruby.
eac80d4ba73c042843e2cbd7681f8bab96d21637	Human readable file, language: en.Topics found: [('server logs', 0.77248776), ('torrent info', 0.20160758)].
eac707a76d7fc1dc4c5fdda88c4f21bba0cb32c6	Code in CSS.
eac2ec4942a10781114656ad473b51bbd9ab0192	Code in SQL.
eac1407ff3213c9b98684de2ae70e0a3785b9e72	Code in PHP.
eacfc1f73aac16da16e4c577a172ca264146aa84	Code in Python.
eac9395201d30a93db01c60d6b9053533ea8ce71	Not recognized code or console output.
eaca3ad77b14f45f9dd0ea60d9a79a2fa2b1dc0d	Not recognized code or console output.
eac6b579df9639ce2cda454df0f90235052d62e9	Not recognized code or console output.
eacc5122fa575b0522a3cd20180228c1f8ef5c20	Code in Java.
eac2b63d1df99c7b9adcd187b7bf66e6a59ceaaf	Code in C++.
eac88934af08ab818a1e24de71bd1071aec80509	Not recognized code or console output.
eac8891f8c8727c840cc930ec66f7f50cb564eff	Code in Python.
eac020d3d7afaa6148277aaf3352a5be0e765ac9	Not recognized code or console output.
eaca1c7d6d4958648c3202eb7fbb65132b886677	Code in Javascript.
eac5378e2365b1395ed2129fc0041454723e255b	Code in HTML.
eac5ccf485bfefb2d16ad134a51aadbf5a757fca	Code in Java.
eacbe4cd9f54b8b6ecd7f08e1af38fa6ddf281b0	Code in Rust.
eac3c477641e0dd91ae029266ae5153c8688585d	Code in C#.
eacf9e4adadd723ebd3526f7d6294f6aa8720ae3	Code in Javascript.
eacc8d9d6698826618dddf1a357e12887059a2c8	Human readable file, language: ja.
eac1f5d0dfffa161765814e4c1dfaacf040f650b	Not recognized code or console output.
eac6b2ef223532c35a1f469d5d37f6ed164b0e80	Code in SQL.
eacad7ff31dfa5e4b3b4c8fc037297bf2488e291	Not recognized code or console output.
eac065148d367beb96bae48c39b494133cf55184	Not recognized code or console output.
eac5238d2e69983b9c34b130cf27e7b1dbe838b3	Human readable file, language: en.Topics found: [('server logs', 0.13669045), ('meaningful content', 0.7448951)].
eacd246ffe6038688f61fa2ffc2186a8f5802f07	Code in PHP.
eaccf80fa8b03cfe475fcaa77c6334912c986846	Code in CSS.
eac32abc69516826d7a322cf66a9416a973292f6	Code in Python.
eac7e1ed29d53f321696dbe5d311c214f7b4fbe0	Human readable file, language: it.
eac519d5cd74d60269d56421bbce2f3878dcf8e1	Code in Python.
eacb64539800a9108dcbc6f5de8cf3fcb2f0e4e3	Code in Java.
eac7dc41a51e243fb949ff6eeb7190b5642f2760	Human readable file, language: en.Topics found: [('online gaming', 0.29060102), ('torrent info', 0.13312492), ('meaningful content', 0.54476744)].
eac7fd850b8209f83dbaa17e93d1c6df5bfc062a	Human readable file, language: en.Topics found: [('server logs', 0.24322423), ('server logs', 0.12660229), ('meaningful content', 0.4466889)].
eace20fa94f6bcf1fca815de5cf69a887f4a7278	Not recognized code or console output.
eac60122e205a2263b080134db227afeb4a86eb4	Code in HTML.
eac8e1147817f56ef0902c94de42dbc53739f577	Code in C++.
eac8f02d5393b1daefe9703c492ce281c1c27aa3	Code in Go.
eacaed24a28dfb7a790c48aaafc7a0f0740c0175	Code in Shell.
eac9f6d11e6661e5a3b302f5f5fb0347fe159f80	Human readable file, language: id.
eace53f7dfff09abecbf5a4c74c7d1fd0d87dfaf	Code in Rust.
eac05dfcce26f6d94b10122c276d00f6e2212c34	Human readable file, language: en.Topics found: [('torrent info', 0.96762776)].
eac1a6a5c1606f9f2ca7316fcb387650f60f06a1	Code in Shell.
eac5b69e182134a6f9a63f7b5627032a71a47c3d	Human readable file, language: en.Topics found: [('server logs', 0.54950154), ('meaningful content', 0.30816233)].
eac1a2f05fedec900727ef0574f23a4f39464259	Code in HTML.
eacf1896271e4d26eaf6a97a9264baa8fed5a800	Not recognized code or console output.
eac0c3455497ebe294f1e07a3b5d56d0f10cc697	Not recognized code or console output.
eac7dc00cd63439d3499f9610879c41156af3cf6	Code in Python.
eace363e5315503feec42e344bdce3c4f2d5a579	Not recognized code or console output.
eacf68228cb51caf4eb508d731180ae1d9980a6e	Code in C.
eacf6a1906a7c2beac163291728f9f3e633d2f6e	Not recognized code or console output.
eac33f4426c4369429047cb021fbedb148bf8df9	Code in HTML.
eac5ecc8e0acf10b4d4c0b84c5ce29308a71ffac	Code in SQL.
eaca2d102385293c35175e9ec01caf2f7831df29	Code in Javascript.
eac3a1a88ee203bbca425fdb5f5e473cfaf4ad51	Code in C++.
eacd3e808d915854b5f10fa0ee3bab54feb7a3ca	Code in Go.
eac0dce9b3108830235875a150a50c7332ae04cf	Code in Python.
eacc22c4599769936753d7326cb6a1e291445e3c	Code in Python.
eac367d9f944f82a4a6fdd3507a27a06e6db1421	Code in Ruby.
eac1506d34310bf5a646adbe0f643bd619e66fa5	Code in PHP.
eacf011330e8eb9bcaa48b5f3429f62bdf5e67a9	Code in SQL.
eacf46ac663422a84d6c9f15833bfbd959e8b2d1	Code in Ruby.
eac753f7a5e35a4a18b6e4737e463f2580d6cffa	Human readable file, language: en.Topics found: [('server logs', 0.95474285)].
eac463f5f6e48a5702249a22710b8ea18e7be728	Code in Python.
eac75eec368f428eab5d68e3d1db62c3693f00cd	Code in C++.
eac79016cd51f7397b6a50fca3b9149de0c8b351	Human readable file, language: en.Topics found: [('torrent info', 0.10302094), ('torrent info', 0.1394151), ('meaningful content', 0.683873)].
eac7bfb0eb3d8f50825fb1d53f3d92b20490ed8d	Code in SQL.
eac9c8d4a5cbeabb956597f1eda329537cb01c22	Not recognized code or console output.
eac049afa3c20f1b1f691fee447fedd31b230fab	Code in Shell.
eaca1bbcafa295562539c2f260ce90b6ccef6c00	Code in PHP.
eacb4bc435f8906f0e28aa6896e71f1b597a07a2	Code in Shell.
eac06d35048edc9ca60f0c00cc10aa38d041c4d5	Code in Go.
eac5e84e3b5710c7f779bb3c37f619d5c273c96b	Code in C++.
eacd529cbb71cbdae549e21dc7b869fb8ccf456c	Code in Javascript.
eac0807fed487a94e2fe6eefcec2ae6b61c4d984	Code in Python.
eac434b4bb371984e3793f87d4a789bbf601cd9a	Code in Shell.
eac3261dcf6c80a66f7050dca10f6878e3d42901	Code in Shell.
eac19c60f4f5ce9d57031b9d4ee3375a89ef0f38	Human readable file, language: en.Topics found: [('torrent info', 0.51064515), ('torrent info', 0.17420669), ('torrent info', 0.1408412)].
eacf5812d92cc649bc57d200661c95c77f787679	Not recognized code or console output.
eacfea089aa15f61565d23818b2385f17db6298d	Human readable file, language: es.
eac937d5dfd08df403f76e343ba54b732e643756	Not recognized code or console output.
eac07aba79c1b6818e3f4048106a243835c2a31a	Code in C#.
eac395281112d882a2e5612efab4080c32ca781c	Not recognized code or console output.
eacc64ef168bb38fd59ede017f64d5a8d4f0d409	Not recognized code or console output.
eac48fddc719011247b0426de41ec88b35f5d908	Not recognized code or console output.
eac28512e8c341e9eef30ddb56fd579461c241c8	Not recognized code or console output.
eaca61edf4e28ab6d145d8c6fbf1ce8a8902d096	Code in C#.
eaca48aae60d8390d8d9ff2fa97faab554959bde	Human readable file, language: en.Topics found: [('torrent info', 0.6567208), ('torrent info', 0.20475478)].
eacadfbf4656d0584aceafda386a67b6115efaf3	Code in PHP.
eac5bf6dbc8464a302c8557e77568c9e15ec4020	Code in SQL.
eac0d3db39877b28eeef20347324bc5fed84053e	Human readable file, language: en.Topics found: [('server logs', 0.12737285), ('server logs', 0.21175449), ('online gaming', 0.20761779), ('meaningful content', 0.42846516)].
eacd420de8ab012d6f3fc4086e07ec92cfae7dfe	Code in SQL.
eacefe229e07de68050be73c8fe6b479a3262d78	Not recognized code or console output.
eac5150ee365c2ecc47991a272c09c26ad95b621	Code in Python.
eac41e7b1dcf749740a5366c5226ea7b609facbd	Code in Shell.
eacba9151af7446dfedeba5d0b7714f1671bb0c6	Not recognized code or console output.
eac6c7160e838ce7dbe4a0f1e3562b9b58098581	Not recognized code or console output.
eacafcd599fadb16c0b86a116c9111c692da3e7b	Not recognized code or console output.
eaca0b8d216253f657606dfa46c06357b91157b8	Code in SQL.
eac09f1002ea9938e76f55c636244346d29de904	Code in Ruby.
eac4a1b637f975894d6c84b39f00a749edcf34f8	Code in Javascript.
eaca0674472ed7ba955ccaf84ee384130bdba683	Not recognized code or console output.
eacf6d2606d26c2cd628eb24ec591c6a9d9064c6	Code in Shell.
eac0d1c994e33768e06691a2c72e83a6dbc82197	Code in CSS.
eacd4159cdc0ff6c1d2fb0d26b6339f171d751df	Code in Javascript.
eacfa1fc438535789d935e707ffda90f330867cc	Not recognized code or console output.
eacd4b26b946a591d5e4c5a6fec817fc48b83660	Code in C.
eaca6f1a3b9e9fa6701491c026e297ce0553b75b	Code in Java.
eacd796d650bd03724ae7f6e9f87bc7368279455	Code in Javascript.
eac356616b14577936662c3bbeb1dc4daa4786d9	Code in Perl.
eac729588039ac0376c6fb0aa5fdd7a6c8bb92fd	Not recognized code or console output.
eac46ea6ece21b546724b14fe44ded34d30084c1	Code in HTML.
eace5e7bd1fbb7aa5c8043ba98b93797da8f62e9	Code in C.
eacf5de5d5a73ae8e5a1b938f48bf9001c61d1fe	Not recognized code or console output.
eac07fc259bb7a5484a474937854546e99ae35ea	Code in Javascript.
eac40ecd9c42042c4265fc4828baf607277476ce	Code in Javascript.
eac7bc625ce0d646a593501dbf96fc0bdcde72dc	Code in C.
eacdb5a98f3f443be7ad0d1430287c99947f2e9f	Code in SQL.
eac1962edee226a07e0c4b82152478291746d103	Code in SQL.
eac962b3ba1f437b3b66a442213b9b9da0c9333a	Code in Java.
eac9838dff0e61c1f79d44da64c3c9e7186762c7	Not recognized code or console output.
eac5ba3cea514fce8e1ad10c3cdeadb0ab192f9e	Code in CSS.
eac263228de336ecf59079de55e09471b4cc3ed0	Not recognized code or console output.
eaca164380de1b8b7d6f7b89dea9b2ea767f1403	Not recognized code or console output.
eace590ae6c05486912d1c940571c8a669f7ca64	Code in C.
eaca85cb986ef4446e593ec986604638af0a8967	Code in C#.
eac8e1948fc19abc5e795fdaa7d33fb8d1d08148	Code in Python.
eacf3ee568adf18307350a6b02da70262491c68e	Human readable file, language: en.Topics found: [('torrent info', 0.28971723), ('meaningful content', 0.5158506)].
eac013979bf08b6098a53fa3cfe5616527a0f07c	Human readable file, language: en.Topics found: [('server logs', 0.19889551), ('online gaming', 0.38547483), ('meaningful content', 0.35359457)].
eacffed1f1e90350624faf7e52b7750c05863cb8	Not recognized code or console output.
eacc963ab4bb788503f07a817373db950ad20f3b	Not recognized code or console output.
eacce3c0694d40d574942ea5727cec2378f3d381	Code in Javascript.
eac11c967aa0d49078e2bb60004fa0d3f46f37c2	Code in Shell.
eace1c6544ad2ba70dee4ea8f3a930da7264a98d	Code in Javascript.
eacf5ec65e3fe38786a3164175f0a42979677742	Code in HTML.
eacc703c92ac18500235b453797e8e466fe11d0a	Not recognized code or console output.
eac9e42c683127b9a438e9d3c230209788d1702a	Not recognized code or console output.
eac5edf533299fc5c73324403623f60f2c0997ca	Human readable file, language: en.Topics found: [('online gaming', 0.21205375), ('meaningful content', 0.4853797), ('meaningful content', 0.10058809)].
eac6adf487bcef3a9a43ffc6b31568b8ded26366	Code in Go.
eac72214f73d784faa894e35d36b9b52f422439e	Code in SQL.
eacf666bdaaa15f5c780fdbaf73523c47d90c4bb	Not recognized code or console output.
eac7bfe81bf0d85725c450626bcac6b81be672f3	Human readable file, language: fa.
eac3825e0c24ed2e99d5f03d06394e7ef462afb9	Code in C++.
eacc547d3d67ef72b854e9bd15aee4012ab82fb8	Human readable file, language: en.Topics found: [('torrent info', 0.91745436)].
eac18cf20b41d5c2dfa81cc6f8d7954264cf52af	Not recognized code or console output.
eacf0cc27fd25aecc83285e3bc67933c30f3395b	Code in C++.
eacf52b1ed64eefa320ce6f6bc33ddb0b8a99acf	Code in PHP.
eac80257fc6fa16e38fe793d0a182747a6cee53e	Code in Javascript.
eace67f1f79beea913ee4a483a53760688891626	Human readable file, language: en.Topics found: [('torrent info', 0.28098163), ('meaningful content', 0.49999148)].
eac2b38a178cf66b158c9e188647ee6b76a2740c	Code in CSS.
eac85df6a907dce6945b5f35a4463ac4f97b1264	Code in C#.
eacfbaaddeb7f704019d6deda40942f7816cb06b	Human readable file, language: en.Topics found: [('server logs', 0.38166437), ('server logs', 0.22434606), ('torrent info', 0.25605395)].
eacaa88a8286805de06f99b6aaafd86143cb5f66	Code in Objective-C.
eacc6790bcb12f63213b7f453ce316d4f7bc2e9a	Not recognized code or console output.
eac408119de5a7cd3ae8e9d403780080d2d41de9	Human readable file, language: en.Topics found: [('meaningful content', 0.93747777)].
eac8d019bc20798f9b131751d9ac79c4f581dc09	Not recognized code or console output.
eacaaaacd33dd3b1adca194bf7d6eb8491764186	Not recognized code or console output.
eaceb6738ea2186bc6c29ba47173abb603b12714	Code in HTML.
eac632c48eb9c3f656f22cfd58a3320b2247c550	Code in PHP.
eace27b7c90ceac1049b78cd58d35c89bf27fe0b	Code in Javascript.
eac7f5921466963546f26401a25ac942eb391bc1	Code in Python.
eacd506da68efaecac233e087f97599149674e76	Not recognized code or console output.
eac4b6b5f60471823e1322c1ffd306db55861194	Human readable file, language: en.Topics found: [('server logs', 0.14649892), ('server logs', 0.39500087), ('server logs', 0.10291228), ('meaningful content', 0.22702716)].
eacdf2d9cfb11515ed7ae86e0c936ea4901a6148	Code in C.
eac0b00408fe2adce9c139501a8542fa453d20bc	Human readable file, language: en.Topics found: [('online gaming', 0.31280327), ('server logs', 0.15368257), ('torrent info', 0.14558274), ('server logs', 0.20141205)].
eac30c0d077eacd28552e4e0b01c35da07d63088	Human readable file, language: pt.
eac70bc179976004ff5fafe4af1e86817355c625	Code in Ruby.
eac18eae05c81b13fb2bbadaa63a6b237c0605dc	Not recognized code or console output.
eacded369dd2cf617c13fb0baecfe2686219db91	Code in Java.
eac057072234384df75cc096fe5737ac8a7c4fc0	Not recognized code or console output.
eac0fa23840acbd77bd75446ff6764b22966e391	Code in Python.
eacb38067b270813926d7c407e965a76cf05d5f3	Not recognized code or console output.
eaca3dd21df4f615526777fd873847b12237fb7c	Human readable file, language: en.Topics found: [('online gaming', 0.18025438), ('server logs', 0.26353416), ('meaningful content', 0.4228492)].
eac54b76b5fc5595f104ed95511e390de711572c	Not recognized code or console output.
eac64467ea62a48eaa60c1dcab5bdd22d8afec62	Code in HTML.
eacd746129d236d9f63df046aa03e913bfe7a090	Code in CSS.
eac85b47cd577eb25c781a823dbf2e7e43a83ca5	Code in C.
eac777cceab37ef37ddc24bc9fcebfffb9812a27	Code in Javascript.
eac3f139510044c4b2e1b0b2be612efa6e95e696	Code in PHP.
eace4e6927408da768b8c101d4015423de731d02	Human readable file, language: en.Topics found: [('online gaming', 0.5815129), ('server logs', 0.3213923)].
eacbd75f808ebd39c7e4c4f67fe7cd05eccd2d6e	Code in Python.
eacde6cd99e4efc2be2c96ceedc0fa5f0ab39745	Not recognized code or console output.
eac9c63c07213680de25d733376067477b85a071	Code in Javascript.
eac829184c907982d83552c27ec1475cf0bda549	Human readable file, language: en.Topics found: [('online gaming', 0.9321219)].
eac7df769012ff4d1e7500f17f92dfacff826f0e	Human readable file, language: en.Topics found: [('server logs', 0.59479254), ('torrent info', 0.21520425), ('torrent info', 0.10493068)].
eac34aad96522441bf448c2eb5d0b55c4112088e	Not recognized code or console output.
eacd4736c0a7f64811c38d399b00a1a41a22a067	Code in SQL.
eac96c75a31c166dfcd897c93a9c85a05d7cf58b	Code in Javascript.
eacab2079491183f21718fd95b293c19c86f3717	Code in Java.
eac8a6b3f774e2946097be7ceb3f6f7f418fb2c8	Code in HTML.
eac6eb0437f9160ac300be8d2c561ea6c6df4e2d	Human readable file, language: en.Topics found: [('torrent info', 0.89964837)].
eacabf4b24705e976ece9e126132ce1dd0a14cc0	Human readable file, language: en.Topics found: [('server logs', 0.33847752), ('server logs', 0.111030094), ('meaningful content', 0.37827128)].
eacd076bd2f39dde5c83ac418d0d05ade6b0a415	Code in Javascript.
eac4404496329f5cef11a646704594a0c4456b7e	Code in Java.
eac4b0c5cbe09b7224da379468d2d4313e08a652	Human readable file, language: hr.
eacd2410cd2601cca5428fde9376baddeaa67583	Not recognized code or console output.
eacb93884af3037fca7e442807f9cf82038a339e	Not recognized code or console output.
eaca25fd1122018928e693ebf0888dfae22a28d7	Code in Python.
eac6a6031c1a33f614f0b2ca39235716224287f1	Code in C++.
eac8b5e2cfbff7601737a35208e1cb720c9571a2	Not recognized code or console output.
eac60fd0721b92af43569386a8fb1d94e261bf16	Code in SQL.
eacb1aa6e4a5bdfd0acc1998488113b8ba6bb361	Code in Shell.
eac9e2f7cdc276b597c3fd8f455d532aefffab15	Code in SQL.
eac80a87eecbc6f39c0faa4870e55122558f0bae	Human readable file, language: en.Topics found: [('server logs', 0.20623279), ('server logs', 0.77008057)].
eac8e20d77c45c275f7c8a7f5fd5d42b742bebe2	Code in Java.
eac362dff37b80d2cf2bbc8d964f1ff259596a3a	Code in C#.
eacbf2f03befe724fc18c90e162250b03b3ae3aa	Code in PHP.
eac463ec78c41e7a9a217631dd3bd99e171186da	Code in SQL.
eac6b8b27d47a58d33c3e7613ec7811d771141dc	Code in C++.
eace66c197ad5680c6c46ef69536b19d0392b3b4	Code in Python.
eacb89ecb0ff9a1d061d76c7f97bcb782418fe21	Code in SQL.
eacff5bff3f99054f89013d25bd120ee3fb9d01e	Code in Java.
eacdbd8ecefa6ce15f7275e1650e818025afb083	Code in C.
eac7e14402a29037afaf31a6d95cf2df745e183d	Code in SQL.
eacb6e4f50463600eae959f51d72b94aa1b6f8ab	Code in Go.
eac4452a953ef95fc4d5dbf5d84e1280f18e7b14	Code in C++.
eac56a2328b24ef5eb1010fd4c7dbc9ed3d9b7c7	Not recognized code or console output.
eacf7da667aef0d7286643a7418533854fa0f375	Code in HTML.
eacea8b2e8e45b014c852af2caee8c7ce3ec0646	Code in C++.
eac3235e7566a87917cf8714749628b5f010d48e	Code in C++.
eac35f4d5a4984345df959eb0da50598de9d99db	Code in Swift.
eac8d19688b6d008054f1834aa5fb1df7e5abffb	Human readable file, language: en.Topics found: [('torrent info', 0.90317917)].
eac0ae2879d5d46a0a48b4c9b99f686cdcc0bcac	Code in C.
eac6a5915eef086316d0d8171251ded410b2ea78	Not recognized code or console output.
eac80d72a3501f6a64469351e608fcd9d3b12703	Code in C.
eac84efcc3766f12297bb7607ac1f0aa0b9c3f70	Human readable file, language: en.Topics found: [('server logs', 0.23909041), ('server logs', 0.15323874), ('torrent info', 0.47312954), ('online gaming', 0.113337874)].
eacc75bccaacb7d34e02d798f5ace58f5a3c2107	Not recognized code or console output.
eac2e0eac5016a8272a5f9bde97f8ad2bb9ede6a	Code in Shell.
eacae975e12af1559b79cb34986a221c2de0bcdd	Code in HTML.
eac4e1f04401e78e4bbf8ebf20db94a54ef2fd25	Code in Java.
eacb4a27b0636b67e652082fcc3d702048038b32	Human readable file, language: en.Topics found: [('online gaming', 0.13481838), ('meaningful content', 0.63165313)].
eacdfc314e4eef8474636e60bb81f6c56140eab3	Not recognized code or console output.
eacbd03d5421457a532dde8114043ca979757c04	Code in Shell.
eacc9104c92f65ad2a86ecae3e5922fa8cf7c711	Code in HTML.
eaca517ffb5dc1a30a6113e4adaaa4f534a9311c	Code in C++.
eac3e1534e4b0435c2cde6d7ce902bdefc36c041	Code in Rust.
eac086ce9baab26681ffb0a130bf8be8ebb28c66	Code in HTML.
eac981a379c4e024ac2a5dbdd6e98b2e0149103d	Code in C++.
eac491196084527384ddd8e9519b5f05847f07aa	Not recognized code or console output.
eacb753d728b3ce246a5acd4a3cf0a9642f5fc53	Not recognized code or console output.
eac887cf7bc69ab33273919bf3fd6bfbcb415255	Human readable file, language: en.Topics found: [('torrent info', 0.9030993)].
eac768e018b62ba3a9352b047e0564fd37f24d82	Not recognized code or console output.
eac0408513a8253f02461a3a72340cdafec178d7	Not recognized code or console output.
eac9d4cdff198f796d09f37d1bf8bddf2c847f73	Code in C#.
eacd586c4319e94ef45748a5b3548d38405deea0	Code in SQL.
eac9f0255d084de61a19491cf37f8b78b2e949d8	Code in Javascript.
eace468e5a075dfad0513117de89f5c580504cce	Not recognized code or console output.
eac6da838827efe1eb8d981ad3237086d7d15e61	Code in Shell.
eac7fccb63c8d16901365fef24f43d7e4a466876	Code in SQL.
eacfa3f00dd3d91749a3a80146608f3a7d8248d1	Code in HTML.
eac2e870f18a9410ff5fa7c47822b95b9799a579	Not recognized code or console output.
eacea655b2b4ba64fc345e07331723a92d822060	Not recognized code or console output.
eacdee70205b66e481f9f4bec60d5ab3927b0770	Code in Python.
eac2a7158c39d464e03875123c971691ab36671c	Code in C++.
eacc47e0f7035c668dac3aff4ad38656804957a8	Not recognized code or console output.
eace73c72e2363e32d20765b25e71ce621ce62d3	Human readable file, language: it.
eacb599f0bf24ffa98c97c848cd2c02035c1270e	Code in Ruby.
eacc8b9a70bdd771986b7b9ef61ea66d5def18e1	Code in C++.
eac3e9dfd1a72e2bc36f6303c82942c15279050c	Not recognized code or console output.
eac2a80d1b4fa6fb00735bf00cb02fc5695f5389	Code in Ruby.
eac99ef84984c7497bd8a88355878ebc49293955	Code in Javascript.
eac72a194be179dca8d05b45b6fe132db8881a08	Code in Python.
eace20503dcad57ef6dd285edb8069b13ee013c5	Code in Scala.
eaceeeb7b9b8162fc1210439706ba278810e56e5	Code in Go.
eac794a1634dbb07b99f0011a93a26d2e0fdc45e	Code in Shell.
eac7febbd79fe499892c0d0658e4bad895dd0bc7	Code in SQL.
eac82c3f36939d73559e8d4365a0e012b11a2452	Code in SQL.
eac4ddeb4a81b2565b9f2fbcf1b91af594e97cff	Human readable file, language: fi.
eacedc698d4e689bdc90520a8c96cef228e76861	Code in Javascript.
eace6a656be0199998c5f458173d689cdf2d1648	Code in SQL.
eac7f1e8a6b35ba7e8f86cfd139d4570551cf2f8	Code in SQL.
eace10b25707b97a182330bc5a7e25652d641982	Code in SQL.
eacd0d68eadb102faf1f5a3cfc54735505390b7f	Human readable file, language: en.Topics found: [('torrent info', 0.8480771)].
eaca8c9ae03f78be25407290106e775417ee377f	Code in SQL.
eac0b5b88c73379f116f91fb67b17a531ecfb424	Code in Shell.
eac2151f72334476c0e4a48fb47b6c97ab1633c4	Code in Perl.
eac2e0d7366802719766d7dc04c5e9d52b417464	Code in Shell.
eac27883c4de89f1400d2c27ed17eaecb6cffe77	Not recognized code or console output.
eac27c202297c8ca1b1e2d30afd117df837b0f87	Code in Javascript.
eac9e99e5b03680afc28034ecce1f8d3ee249587	Code in Shell.
eac7318550a83760b96bf80fe6b5628381e8df7c	Code in Shell.
eacea077544bcd37ca32a3af8bc1f3ac95d78b67	Code in Python.
eaca18d146c573ff6b23811c68fb7c6b3d2fd772	Code in Javascript.
eac18d24ad10a9eed8a3d5cd14c47f43821a9a34	Human readable file, language: en.Topics found: [('server logs', 0.5906304), ('torrent info', 0.27950287)].
eac2eab2e1bbfa3c5296e4ff5dc676c9c5b82c52	Not recognized code or console output.
eac0c7e46f0c613ab8ffe93c3fd96b91fb89d789	Code in SQL.
eacaef2dbd6f73aa7ab69670c1cc1a12941a0f81	Code in Python.
eac4ca809c372648b993cbce51eb192e214c8815	Code in SQL.
eac5a7fc5d6ae81007d917f231070cb7f442881f	Not recognized code or console output.
eacfb39eb0eefdf3bc5acf9ce8a1ca54bc6d675a	Human readable file, language: en.Topics found: [('online gaming', 0.16564146), ('server logs', 0.17600295), ('meaningful content', 0.6298843)].
eacbfff221acfd40a0fc07bb0390ae1a252a3d10	Not recognized code or console output.
eac787dd104699248866ad71b4bbf62324e82022	Not recognized code or console output.
eac8aca52b39d912890fed6d18d1a48998e6f32f	Code in C#.
eac597099c35de80416c40cf731ed37fd44f7226	Code in Ruby.
eac7b377df86d2a7aa3b2ec1bcd1156d4227471f	Human readable file, language: en.Topics found: [('torrent info', 0.94999117)].
eacb94042250566e6402a2d6eceb8dbbff1a87cc	Code in Javascript.
eac23a494bd0e5444321bc9176541e68735f9064	Human readable file, language: en.Topics found: [('server logs', 0.2025318), ('meaningful content', 0.6656489)].
eacf032dc3bbe78fce488a9a9abba1f3688b988a	Code in CSS.
eac9f7224585e0c0dc82130c02af9a276e8c6592	Code in Shell.
eac82e0ebe2193bd1f4f36d21aa832852dd65334	Code in Ruby.
eac4ba156907e255cbff0a1d04487a4d97663231	Code in Ruby.
eac33930463f9381e40d8496d8359b3229f3bad4	Human readable file, language: en.Topics found: [('online gaming', 0.28293478), ('server logs', 0.6436932)].
eac373ec48b12a0766c534f36ea8f49474b508e5	Code in CSS.
eac56097a0fdb8f0181c000be3e447e8b15c229a	Not recognized code or console output.
eac5c6090f39b21db828087d00965ffe7eaa871a	Code in Shell.
eac0a51400af3e04f987f8b84592696495bb9e54	Code in Java.
eac4efeafbff3bc48b94febce0c718e6a0764f56	Code in HTML.
eac55b982a741e6111a5ae59f3e649ef29519ccf	Code in Python.
eac254c45feb30bf481c066357fbd1c330f825d5	Human readable file, language: en.Topics found: [('meaningful content', 0.89457434)].
eac84e1a000ea77683b41297008217c105bbc737	Code in SQL.
eaca87bcc4051c9a554d26a98c1ab3e3b04d48bd	Code in SQL.
eac6e3c82d22e15cc137f863514e0b399791ba21	Code in C++.
eac25ea35cae045ea949068ae20fdb93ee31a027	Code in C.
eac9e625add957862812f0dbf4b2dfc1aa714ace	Human readable file, language: en.Topics found: [('server logs', 0.24844225), ('torrent info', 0.10609084), ('torrent info', 0.5263679)].
eacc34b08fcefa85054e21bb7825d42b058d8cd2	Not recognized code or console output.
eacc827932329e907b637735fc53fef1727ecf98	Code in Java.
eacd3df48e59c0ab0719dc5dbeeb17bb66ba68a3	Code in Scala.
eac0929b391c269de0e1cda28da4368baf43b7f3	Code in SQL.
eacbd559c6b2fe05ce23b54d9af540f1d0cd68cb	Not recognized code or console output.
eacfa520fd41c040c70c65028434f960ff5820b3	Code in Java.
eacd3b232e8e303325e3cc144b69dffeba47f06f	Not recognized code or console output.
eac77c41148700610870e23cc7728c0fd371e78e	Code in SQL.
eac34f7785fa5ea106d61aac5ce3be58a1a84711	Human readable file, language: en.Topics found: [('server logs', 0.13907596), ('online gaming', 0.22584224), ('meaningful content', 0.54044276)].
eac78b8af54e2b2ba62b71b202ce447419bf9277	Not recognized code or console output.
eace0a4e79cd2e135e5ab1b2c7d097fdd46a0399	Code in SQL.
eaccea2ab7ca049dc0a3e438e8399b25d505a02b	Human readable file, language: en.Topics found: [('server logs', 0.1597335), ('server logs', 0.23832862), ('torrent info', 0.15905522), ('server logs', 0.1782689), ('meaningful content', 0.17576271)].
eac981d432e48f00590178676b68f901acea93f9	Code in Go.
eaca7a36ec11bd1907feaac01d291b9f0ae831b2	Not recognized code or console output.
eac18ad1fa26f3a0089574e80702fcf56f03bc98	Not recognized code or console output.
eac8dcc55b94285ca5227049e85dc5d59c5c4499	Human readable file, language: en.Topics found: [('torrent info', 0.8934519)].
eac8bdddb18633d05d828f59060bc97f99c92058	Code in PHP.
eac13e8cdd331a3d98612ced73bc6ff194645622	Not recognized code or console output.
eac3cc00fc9cdca6ca93d7b84fde29e25dee2efe	Code in Java.
eac85ed4ee3ba2944b659d4ed48e40ea8e86f952	Code in C.
eacd866626b2541d8da7bea94e750cfa0fb4283e	Not recognized code or console output.
eac3fef42c617cd60a0807228e7940c1b231cc80	Not recognized code or console output.
eaca12acec616e1ee975ba3a15daff4b8c1b6200	Code in Python.
eacc5afbce5fb08afe17a4b6951d79472f71024d	Not recognized code or console output.
eacacbb3113a6b32a6acfad061d7776e76bde498	Code in CSS.
eacde5da3f353a95a192d251184eac9c4af7c32b	Not recognized code or console output.
eac13632cf41df8e71269ba5daeea3292a12b108	Not recognized code or console output.
eacf3c56d6c9b583518936f1bf3a2b4ccf3eea96	Code in SQL.
eacc4b253916c94e97e337ff467b1e484b0da2c6	Code in Python.
eac2b46b6716dffa234b300fcfe509b17dc3482d	Human readable file, language: en.Topics found: [('trading', 0.9975192)].
eac61a2e25b4b70077ddc12aba19ea8cf651a1b6	Code in Ruby.
eac0fdf985e114d20cc80026a67ad7c8a129387e	Code in C++.
eacabb64568e4fee2770ec21cd32be18f308d1ed	Not recognized code or console output.
eac1d771d2a8c702e1ecc233f487b5734394d48a	Human readable file, language: en.Topics found: [('torrent info', 0.96938115)].
eacbbb4c9f751f40c05bd4a76b2c7fa2262be28d	Code in Objective-C.
eacc21fd9b63dc1edcd5b3abe8a61503ecea64b2	Code in Java.
eac5219db4c1d5ad103a1860667e15a8bd9fe55e	Code in C++.
eacbee8d0d6e5180e6ca2c0238d2618fd21c0a7a	Human readable file, language: en.Topics found: [('server logs', 0.2780467), ('torrent info', 0.49576712), ('server logs', 0.14158651)].
eac20be64509e86188984ca072d23e0b23c52d50	Human readable file, language: en.Topics found: [('torrent info', 0.7189473), ('meaningful content', 0.26345122)].
eac63e0e0e03983deca2ec9f96ad9cdf725ed687	Code in Perl.
eac7e715f788f37c99510110bd650cbaa14430c9	Human readable file, language: en.Topics found: [('torrent info', 0.9125405)].
eacb62a5cc03889df3708b90ea7e7826d54da345	Code in C.
eaca611f80e139a40bf2fd81de43386ae6a0beb9	Not recognized code or console output.
eac177abf1fc8b398b249c9cbd80a9b3446d3ac1	Code in C#.
eac33dffaee85fe8b84ec63e7c9adb68e1d34873	Not recognized code or console output.
eac973d17520d6f155f900936a6b9581da016c91	Code in Go.
eac84b034685c282cb7331549d2e0b883efb27ee	Code in Python.
eac8755c192c3b49bfdfe2c638356b4bfa34ab84	Code in Java.
eac9caa5099924c7ebd12f168ca9433e22d47bc1	Code in SQL.
eac907d18c8abdff085dcf4fd35a4a20f09020b1	Not recognized code or console output.
eac51fc927da831deac90f465cfe81e4caf457c0	Human readable file, language: en.Topics found: [('online gaming', 0.13269931), ('meaningful content', 0.86245775)].
eacb5c6dcc68474d96ff08ef9795506a709ab98c	Not recognized code or console output.
eac72680df96d72145adc2fb0f80c327352c3288	Code in SQL.
eac130d6676fc1816a641facbd03f584cd04d0ac	Human readable file, language: en.Topics found: [('server logs', 0.23323041), ('server logs', 0.32652694), ('meaningful content', 0.3992316)].
eac489227395048c22e34bef278bd208b7213e42	Human readable file, language: it.
eac7753389f699be0243cb2c84b2364550a6e4f0	Not recognized code or console output.
eac48dd7c98a9b186ad931f4b733de00590f36fb	Code in Python.
eacbcf376d59a217d4e2294819ba75571775dfd6	Human readable file, language: en.Topics found: [('torrent info', 0.89566416)].
eac3303302f5f9f08d814714f3c7f83d6b65df54	Code in Javascript.
eacf64fc148e000ea9fc0c44bc21c37158db353c	Not recognized code or console output.
eacf60e317d1f82653eef927c04ea34fb86afb06	Not recognized code or console output.
eac2f1338dd42ed1bea6cddfc87a8e4bee9d9614	Not recognized code or console output.
eaccddce0f5b1c9be4a27343ad4a67b199b806e4	Code in Shell.
eac0ba249cce82343ff22714d02bd80d94461ff2	Code in C++.
eac4c0670030cbaea456ef613396fd01895c3875	Code in Java.
eaca3709258828c202ab5862502fd4377e4de4bf	Code in PHP.
eac98208b02a49f340ec1458ac9fd8500a830197	Code in SQL.
eac58d584ca1b3aa388739794013616f6ba31f66	Not recognized code or console output.
eac2c832e469e0aa1a4e3e2093294469fc861273	Code in Python.
eacadd9e070585fbfc2465de111424d8b85ebebb	Not recognized code or console output.
eac632bee74c14571b6c27c20f47f1112d4993a0	Code in Javascript.
eace4a72c46562b69322f39aeebd8c73cde0424c	Code in Python.
eaca42c1314a14f8863437f2b35cdb9b33e9df7f	Code in Perl.
eac7b564b677f17448bd443ef3512a15ed637b44	Human readable file, language: en.Topics found: [('server logs', 0.1182158), ('meaningful content', 0.8278015)].
eac51a0f5b80eea952df5250d04e5cf43f7f6cee	Not recognized code or console output.
eacfed7a3befb09a86e2eb304cca4ff807a71da3	Code in Python.
eacb9125b1fd9641aca8fed2e54f355f130d33e3	Code in Ruby.
eac2fe03f96403561d48ce7c70c4ba39e7b52aff	Not recognized code or console output.
eac0baf580fda2575ad6ef47198f28f6c820c9e8	Code in Javascript.
eaccd66c104d24365404a5805d921e0a986afeea	Not recognized code or console output.
eac6206cb063d05ce385ac2cda45720222fd4e3c	Code in SQL.
eacd52b1ac4a0ad3e5e42e1f2869aac701c768d3	Code in C#.
eac8921c59819e3f9637ffd603e9da5a530bddad	Code in HTML.
eac2a61433db45b1c146f1c2ee4b7b81a5be838c	Code in Python.
eac340cd4c114c1e9c50bd7f1d959bb7ff82ab7e	Code in Ruby.
eac8ce81480553a1d64d13404d40971a852b7733	Code in Shell.
eac28886cb88632c6f34aecab49d809db7640aab	Code in SQL.
eac79d54ffb27d39fc285bde4fc9b9d8a993aae0	Code in Python.
eac5b52e34fed6fb56697a2f0952bd6fee3c0f8c	Code in Python.
eaca9da4071c22c876fc8dd0da794f3bae0c6b80	Code in SQL.
eac49b78b34c45e54a897bf9fd4230f6ebeb968e	Code in HTML.
eac3a2d2b5e2db400472c9229eaff114b4fdf40b	Code in C++.
eac3aac27ceced05b3fab2dff4ff4950c62b1b95	Code in Shell.
eace4eb83493d938c2857ab0bff39b83c7a1a748	Code in SQL.
eac7f9d686ae23eeb5950e6a8641669785bcb265	Code in Shell.
eace3330bcdb85b5215fe6764a7c71bc6caf44f0	Code in CSS.
eaca629b0e8d919b80af5d24392fbb684bf59a5f	Not recognized code or console output.
eac0b63d1b8483d3ebb24a1bdfcb99ef0d14ae03	Code in Javascript.
eac647851d7dc3edabd4c4bc01ffed077c39a940	Code in CSS.
eacc848f1f2e6eff6b43338cc7b5d9731781c2d6	Not recognized code or console output.
eacdba4ddf68c0a269cf9a2e1a6c3c66136ddd6e	Code in C.
eac3129c15cbbfae1e11a084854a4e491dc66170	Code in Java.
eac0e1b5b8921c0bc6fb4577d1fd706188728002	Code in Python.
eac39e0e489dfdeca47ffc8fee5ac3857a1df7dd	Not recognized code or console output.
eacd24ce815d735eaa12a48482005c8a1568c0eb	Not recognized code or console output.
eacd7070e30bb63a7068b9e7eec085a3d039dd3e	Code in SQL.
eacfbf9288ef1d9b58cec1f0ae9b5962ea998077	Code in PHP.
eacdba611a81d108c5a130ee43b66eae64276d20	Code in Java.
eac01b7e37de04007cc8e73752f2ca67251ddb81	Not recognized code or console output.
eac228c129094fe9f25c967de57acded9a3fd1f3	Code in Shell.
eac45a9cf86058f70ed818d69abbc8eebf5e70d0	Code in CSS.
eac6939100f2a08f96e5eedf1d918a05d356e439	Human readable file, language: en.Topics found: [('server logs', 0.4804581), ('torrent info', 0.4397935)].
eac56f22859f99994a93e2d7c26c4636c0a70cae	Code in C++.
eac892ba749a39ae19d2b4fdf8a2e7b0318aaf34	Code in C#.
eaca37861c98b39f3eba348e585972ef2ed9dd8e	Human readable file, language: en.Topics found: [('server logs', 0.6538299), ('meaningful content', 0.15836795)].
eac92a30e06574ee0b87f33a0cfe1ddf8d0092fe	Code in Java.
eac278c160aebbcf39ca85428983c010e958f62a	Not recognized code or console output.
eac0a46e232095d8a8624a15b368f8c36f27f5ae	Human readable file, language: en.Topics found: [('torrent info', 0.97753006)].
eacc543653906bf446dcafddc9cb1a29d6b6fb87	Human readable file, language: en.Topics found: [('torrent info', 0.96445054)].
eac885fd4cf42c50c1a41ed1bed8c2fdac756c9e	Code in HTML.
eaca276600316f9e1522651f9b71c53ac6987dbf	Code in CSS.
eac29cab5b97c3504ae9d24a1a1631fe0daf9f6b	Code in HTML.
eac00bb8040d50859306d7ca1258b3dd30f52c36	Code in C++.
eaca63272d758c7e399f4b94042166d171527c4d	Code in HTML.
eacc9609df6971d5c934c0b6b342bf341e2d7636	Code in C#.
eac1eb7b4176e744ffefd4745ed8668d29ec5abc	Code in SQL.
eac10c15655bad28a4c1c621709852edec0829c4	Not recognized code or console output.
eacaee1e2ff6ea1f0579d5f1d8873ecb51292b2e	Code in SQL.
eacdd91e9a63fdaf1eb455a0b6342a035567bae7	Code in Javascript.
eace007b4137d1ad69edb77a7912cc73156b63d4	Not recognized code or console output.
eac6cc0cd8c48c6b2d525042b415ec5a859a4e31	Code in Python.
eace19ca73a6ddd403d66eb9b745c0cbcceaee50	Human readable file, language: en.Topics found: [('server logs', 0.1565642), ('server logs', 0.5056526), ('meaningful content', 0.23555763)].
eac2d2c1074e99208d67653094aa7d4d5940f5f3	Human readable file, language: en.Topics found: [('server logs', 0.22638269), ('meaningful content', 0.6689088)].
eac9babe9f7d582d225957dcbe0c6aedd1a53c7d	Not recognized code or console output.
eacd45dc44fa3fd3fb288c1f2b1e64d80ccc5e0a	Code in C#.
eacc363ca7a050b9be78d916ef9564dcedf8905c	Code in C.
eac7dfc25310ee078fe06a40672668d4cfac9c0f	Code in SQL.
eacee37d992055f5ef0b4f5b431b290ce3ecab2e	Human readable file, language: en.Topics found: [('meaningful content', 0.91911405)].
eacb8fc99babc0fce6b93b5eb55576bc87875938	Code in Python.
eacf98710a766153bdf11df4a0478a68f5d557b7	Not recognized code or console output.
eac591e1264025dba888ecf90e970939ae8f81b9	Code in SQL.
eac5641c66ecc14bf5ef13017042efe36d0c6524	Not recognized code or console output.
eac04d05c31a6525ed3f8ab5458549183f322775	Code in SQL.
eac5cfdf8c129973c291dd24134a5802569a4ff6	Code in Python.
eacaee651f1abc1ff87079a682c5969a0c1c134c	Code in Javascript.
eacc37274d46da23d986b578718c5fefced610f0	Code in Erlang.
eac2b49244e998acccf737bade6a712c44ef6010	Not recognized code or console output.
eac3d17e141b3322d9a6a770923724c8cb725eb3	Code in C#.
eac3f1c44d2535deda5ef4f073d73f3cb0f18d90	Code in Ruby.
eac3ee10ff2dce84ba3a59c0f0e70d0320696a5b	Code in Rust.
eac04f79b2ae91f72c9885f87b821a31282f6efd	Code in Shell.
eaca479c326e414b4f656ffc8a4a889f0cfc008c	Code in Ruby.
eac454fa111a63aed3732190cd7275c830e96711	Code in Python.
eacbe59ff77500454e94cac0e5f9061255d0b1ea	Not recognized code or console output.
eac48d696664855b8880807edfa56efdb499f92d	Code in Java.
eacc1d9425da69f998af3d2a571a298c41ab12de	Code in Objective-C.
eac69e9788ff6aea40bf927f2966fc13c5a9df38	Code in C++.
eacb56c871b3d80a73b17a9c64491e5a977f30ad	Human readable file, language: en.Topics found: [('torrent info', 0.79720354), ('torrent info', 0.10535637)].
eac3e2c1a75c5f95cce43ac0bbc58efb9c889b65	Code in Rust.
eac70d04963b5d0c776824efc9f6238e9e206feb	Code in Go.
eacf9d8d96e0739cb4804eef130a02a06fde22ba	Code in Rust.
eaca6e9f60b3fb542b2f88db2035fd8729bc21cc	Code in SQL.
eac4a874947918b75d66f2a6a8cb27313b9c0b4f	Code in C#.
eac3225ee73a5bc8ae43d1d47dc0d81688fce006	Not recognized code or console output.
eac4ac99148be91e19a4d0ce3f88444c4dff91d1	Human readable file, language: en.Topics found: [('server logs', 0.20049551), ('meaningful content', 0.25730142), ('meaningful content', 0.39555845)].
eac19cddb683086be2762eec512e5f4ab3b0b611	Not recognized code or console output.
eac2102de841426e8bfa2ee64af0594f92fa34f6	Not recognized code or console output.
eacbe9e96b3f4996246d6ba46561b1e7dd53f7ce	Code in CSS.
eac9c45770dcffc13badcc36f78c17e2bb696120	Human readable file, language: en.Topics found: [('meaningful content', 0.82816875)].
eaceca601edacfe815b9dab0c5b0af0cf5dda54d	Human readable file, language: cs.
eac598d81236560b06749f236c88dac58ed65c33	Code in SQL.
eacded40974b51320d781b4b195cc85bf5c509ae	Not recognized code or console output.
eac6167761720a8ddaeaa4696d15b044080c35cf	Code in C.
eac4c02e01082881a977b95bf1a09cbdbbfb8ad5	Code in Rust.
eac89103c1e2cf5e51aa792bf6b804fa45c42ad9	Human readable file, language: sv.
eac46e96ec067f138b3d761970543f59b6c0ca49	Code in SQL.
eac7a034721e5f259852bcd981cc5882d858d648	Not recognized code or console output.
eacfaa8ad8a7bd65a25fde4debc26cedc5c10242	Code in Go.
eac097c1c7f232c2d8e7e8d23a3719e07d5d984a	Code in Python.
eac63f1eb1aa72640b3b99d1c92c96e45886be50	Code in Python.
eace43aa1c36612992f695c8b1d9fb3edc67fec6	Code in CSS.
eac3e68def560526e88a4808c07150c4a135fced	Code in Java.
eaca5745326b26c981fb31a6cba991b2efda2997	Code in HTML.
eac19e86fecc0d8fc692e385f8937613c780b610	Code in Rust.
eace7bcdbf622712a73b27ae69fd0a3d691d988b	Not recognized code or console output.
eace90fe40cd0505279c2c4bf5cf9823351c321f	Not recognized code or console output.
eaced1cdae299ac898ba73e5bc2831e868295b4f	Code in C++.
eac77e1ad8f9190ced345d0825ff81129f36bc5c	Human readable file, language: en.Topics found: [('server logs', 0.9163097)].
eac5e272374ec61bdf957a571c5a8cf984b54c6e	Code in Shell.
eacc16b552ee200f69c4ea923db45ca6f2a47e3e	Code in Python.
eacc65b311ceecf71d0c2b748741b22baa6a360b	Not recognized code or console output.
eac1532fc623233b9f6312bf5273e22a3d941f87	Code in C.
eacbe206667b9b02a8ad0d77dc27336c5b4bc10a	Not recognized code or console output.
eac15510ca50504bb874032d7d931ba46eaa4b3d	Not recognized code or console output.
eac4de3ab39571ba878ad5ff961a583dd6ab9762	Code in Swift.
eac09ce31b84e9f7dcce39ee1d0af5a383ade19c	Code in Python.
eac481f93a2e60fd6e28b366e821473888a5df0f	Human readable file, language: en.Topics found: [('server logs', 0.22379625), ('meaningful content', 0.6039437)].
eac7e8118230d87ddc173246e2ac78e5cb630d6a	Not recognized code or console output.
eac46324699f827b7501fa4dfead570b7ccf6ec5	Code in C++.
eacc881de87e2225cb9a2e1b6a83d697c1eec80d	Code in C#.
eac47f52467e474c752739f8fb4846289c85be96	Code in Shell.
eac5a1aea2e4d5d6ed983f9882dd99405aa0ad9d	Not recognized code or console output.
eacb8aacbdec3e3bbc5027f4e122d3a9278dc279	Code in Scala.
eac7d500ff4ced21bf5beab67f33a6de39ab34cf	Code in C.
eaced0a41354cb1b62e31f8c2abe376d24a12ff3	Human readable file, language: en.Topics found: [('server logs', 0.47554305), ('torrent info', 0.4755135)].
eac94b1f0d767ecef06fe60e613d28973d0b97f6	Human readable file, language: en.Topics found: [('server logs', 0.16732256), ('meaningful content', 0.7794697)].
eaccd46543c8620917610abc49a339fd6491a475	Code in C#.
eacd79bc39fa5dcdaf2ae02b15ca35b6738cf701	Code in HTML.
eac777787d18c71d82d921b81bcbe7412905bf03	Code in Python.
eac1310e43fd54c323a915daddf261f775df0cb4	Not recognized code or console output.
eacacce1cca895baf72cd5aa070ad1aa1a03a29b	Code in C.
eac1acf9ff87f17371667ec4aeff6aa1ae7fba15	Human readable file, language: en.Topics found: [('online gaming', 0.18239237), ('meaningful content', 0.76716)].
eacf68e3cd63a09e8af5078264bb613d19c15f91	Not recognized code or console output.
eacd9d4c0ccd80e226cc9a5c5b09fece0c78cb1d	Code in C#.
eac301b76c149d891f3340e0a11d565c24d69bfd	Human readable file, language: it.
eacc05a82b682359c237a3db938177fdb81ebf36	Human readable file, language: en.Topics found: [('torrent info', 0.8796071)].
eacd1e8db3ba449b1571a561f3e9a8b2f40040db	Human readable file, language: en.Topics found: [('server logs', 0.47554514), ('server logs', 0.4242534)].
eac85d5bc5a234808fb87e69fb3c90456f904a40	Code in Javascript.
eace3272f8605de68762e41b5e792f6095521a7d	Code in PHP.
eacefde49c66ae804d330f35b2a58976745c2510	Code in Javascript.
eac69dac9ded8af8cc6f97cec9d501c49b461ce3	Code in SQL.
eac59907e690de44700679e1c7eeaa88bb858d8c	Not recognized code or console output.
eac314ac48dabc4f327d7036f03af931fe1adecf	Human readable file, language: en.Topics found: [('torrent info', 0.89420104)].
eacc52b8a6e3167c1773dda34fd8818f2edf34ca	Code in Shell.
eacd1a0e51bf71b489fa4e56bc8a3d1d95588385	Not recognized code or console output.
eacea8f213ff3ba52cbbb55bec94b4179792e0e2	Code in Ruby.
eac8bfaf1b2505132fc57642ea0e032c7bbf88bc	Code in Ruby.
eac6b78b63aa52628c5e1cab53059bf4a8e0aa04	Code in Python.
cb0cebcfd9df0a545c4b34fdaddd57b275bcd428	Not recognized code or console output.
cb00c04299a47d99e3a6dbabb16ebaa7b5487183	Not recognized code or console output.
cb03e4c97be21cc7961a667b480d5110e37972c2	Code in SQL.
cb095ccc05826516890c9bafcb86c4c4dc821040	Code in Python.
cb02f84ecaa442e0eca4fbee6ac44b5c37052c76	Code in SQL.
cb04eb2fc742361ab6eeec0ba65f0bb5afdc99e2	Code in Shell.